Tgl Struk,Qty
2021-08-04,2
2021-08-05,1
2021-08-05,1
2021-08-05,3
2021-08-07,1
2021-08-07,2
2021-08-07,2
2021-08-07,1
2021-08-07,2
2021-08-08,1
2021-08-08,1
2021-08-08,1
2021-08-08,2
2021-08-08,1
2021-08-08,1
2021-08-08,1
2021-08-08,1
2021-08-08,2
2021-08-08,1
2021-08-08,1
2021-08-08,2
2021-08-08,1
2021-08-08,1
2021-08-08,1
2021-08-09,1
2021-08-09,1
2021-08-09,1
2021-08-09,1
2021-08-09,1
2021-08-09,2
2021-08-09,1
2021-08-09,1
2021-08-09,2
2021-08-10,1
2021-08-10,1
2021-08-10,1
2021-08-10,1
2021-08-10,1
2021-08-10,1
2021-08-10,1
2021-08-10,1
2021-08-10,1
2021-08-10,1
2021-08-10,2
2021-08-10,1
2021-08-10,1
2021-08-10,1
2021-08-10,4
2021-08-10,6
2021-08-10,1
2021-08-10,2
2021-08-10,1
2021-08-11,3
2021-08-11,1
2021-08-11,1
2021-08-11,1
2021-08-11,1
2021-08-11,1
2021-08-11,1
2021-08-11,2
2021-08-11,1
2021-08-11,1
2021-08-11,2
2021-08-11,1
2021-08-11,1
2021-08-11,1
2021-08-11,1
2021-08-11,2
2021-08-11,1
2021-08-11,1
2021-08-11,1
2021-08-12,1
2021-08-12,1
2021-08-12,1
2021-08-12,1
2021-08-12,1
2021-08-12,1
2021-08-12,1
2021-08-12,2
2021-08-12,1
2021-08-12,2
2021-08-12,2
2021-08-12,1
2021-08-13,2
2021-08-13,1
2021-08-13,1
2021-08-13,1
2021-08-13,1
2021-08-13,1
2021-08-13,1
2021-08-13,1
2021-08-13,1
2021-08-13,2
2021-08-13,2
2021-08-13,2
2021-08-13,1
2021-08-13,1
2021-08-13,1
2021-08-14,1
2021-08-14,2
2021-08-14,2
2021-08-14,1
2021-08-14,2
2021-08-14,2
2021-08-14,1
2021-08-14,1
2021-08-14,2
2021-08-14,1
2021-08-14,1
2021-08-14,1
2021-08-14,1
2021-08-14,1
2021-08-14,1
2021-08-14,2
2021-08-14,2
2021-08-14,5
2021-08-14,1
2021-08-14,1
2021-08-14,1
2021-08-14,1
2021-08-15,1
2021-08-15,1
2021-08-15,1
2021-08-15,1
2021-08-15,1
2021-08-15,2
2021-08-15,1
2021-08-15,1
2021-08-15,1
2021-08-15,1
2021-08-15,1
2021-08-15,1
2021-08-15,1
2021-08-16,1
2021-08-16,1
2021-08-16,1
2021-08-16,1
2021-08-16,1
2021-08-16,2
2021-08-16,1
2021-08-16,1
2021-08-16,2
2021-08-16,1
2021-08-16,2
2021-08-16,1
2021-08-16,1
2021-08-16,1
2021-08-16,2
2021-08-16,1
2021-08-16,1
2021-08-16,1
2021-08-16,2
2021-08-16,1
2021-08-17,1
2021-08-17,1
2021-08-17,1
2021-08-17,1
2021-08-17,2
2021-08-17,1
2021-08-17,1
2021-08-17,2
2021-08-17,1
2021-08-17,2
2021-08-17,1
2021-08-17,1
2021-08-17,1
2021-08-17,1
2021-08-17,1
2021-08-17,1
2021-08-17,1
2021-08-17,1
2021-08-17,1
2021-08-17,1
2021-08-17,1
2021-08-17,1
2021-08-18,1
2021-08-18,2
2021-08-18,2
2021-08-18,1
2021-08-18,1
2021-08-18,1
2021-08-19,1
2021-08-19,2
2021-08-19,1
2021-08-19,1
2021-08-19,1
2021-08-19,1
2021-08-19,1
2021-08-19,1
2021-08-19,2
2021-08-19,1
2021-08-19,1
2021-08-19,1
2021-08-20,1
2021-08-20,1
2021-08-20,1
2021-08-20,1
2021-08-20,1
2021-08-20,1
2021-08-20,1
2021-08-20,1
2021-08-20,1
2021-08-20,1
2021-08-20,1
2021-08-20,1
2021-08-20,1
2021-08-20,1
2021-08-20,1
2021-08-20,1
2021-08-20,1
2021-08-21,1
2021-08-21,1
2021-08-21,1
2021-08-21,1
2021-08-21,2
2021-08-21,1
2021-08-22,1
2021-08-22,2
2021-08-22,1
2021-08-22,1
2021-08-22,1
2021-08-22,1
2021-08-22,1
2021-08-22,1
2021-08-22,1
2021-08-22,1
2021-08-22,1
2021-08-22,1
2021-08-24,2
2021-08-24,1
2021-08-24,1
2021-08-24,1
2021-08-24,2
2021-08-24,1
2021-08-24,1
2021-08-24,1
2021-08-24,1
2021-08-24,1
2021-08-25,1
2021-08-25,1
2021-08-25,1
2021-08-25,1
2021-08-25,1
2021-08-25,1
2021-08-25,2
2021-08-25,1
2021-08-25,2
2021-08-25,1
2021-08-25,1
2021-08-25,2
2021-08-25,1
2021-08-25,2
2021-08-25,2
2021-08-25,2
2021-08-26,1
2021-08-26,2
2021-08-26,1
2021-08-26,1
2021-08-26,1
2021-08-26,1
2021-08-26,1
2021-08-26,1
2021-08-26,1
2021-08-26,1
2021-08-26,1
2021-08-26,2
2021-08-26,1
2021-08-26,1
2021-08-26,1
2021-08-26,1
2021-08-26,2
2021-08-26,1
2021-08-26,2
2021-08-26,1
2021-08-26,1
2021-08-26,1
2021-08-26,1
2021-08-26,4
2021-08-26,1
2021-08-26,1
2021-08-26,1
2021-08-26,1
2021-08-26,1
2021-08-26,1
2021-08-26,1
2021-08-27,1
2021-08-27,1
2021-08-27,2
2021-08-27,1
2021-08-27,1
2021-08-27,1
2021-08-27,2
2021-08-27,1
2021-08-27,2
2021-08-27,2
2021-08-27,1
2021-08-27,1
2021-08-27,1
2021-08-27,1
2021-08-27,1
2021-08-27,1
2021-08-27,1
2021-08-27,1
2021-08-27,1
2021-08-27,1
2021-08-27,1
2021-08-27,1
2021-08-27,1
2021-08-27,1
2021-08-27,1
2021-08-28,1
2021-08-28,1
2021-08-28,1
2021-08-28,1
2021-08-28,1
2021-08-28,2
2021-08-28,1
2021-08-28,2
2021-08-28,2
2021-08-28,1
2021-08-28,1
2021-08-28,1
2021-08-28,2
2021-08-28,1
2021-08-28,1
2021-08-28,1
2021-08-28,2
2021-08-28,2
2021-08-28,1
2021-08-28,2
2021-08-28,1
2021-08-28,2
2021-08-28,1
2021-08-28,2
2021-08-28,1
2021-08-28,2
2021-08-28,1
2021-08-28,1
2021-08-28,1
2021-08-28,1
2021-08-28,2
2021-08-29,1
2021-08-29,1
2021-08-29,3
2021-08-29,1
2021-08-29,1
2021-08-29,1
2021-08-29,1
2021-08-29,1
2021-08-29,1
2021-08-29,1
2021-08-29,1
2021-08-30,1
2021-08-30,1
2021-08-30,1
2021-08-30,1
2021-08-30,2
2021-08-30,2
2021-08-30,1
2021-08-30,1
2021-08-30,1
2021-08-30,1
2021-08-30,1
2021-08-31,1
2021-08-31,1
2021-08-31,1
2021-08-31,1
2021-08-31,1
2021-08-31,3
2021-08-31,1
2021-08-31,2
2021-08-31,2
2021-08-31,1
2021-08-31,1
2021-08-31,1
2021-08-31,1
2021-08-31,1
2021-08-31,2
2021-08-31,1
2021-08-31,1
2021-09-01,1
2021-09-01,1
2021-09-01,1
2021-09-01,1
2021-09-01,1
2021-09-01,3
2021-09-01,2
2021-09-01,1
2021-09-01,2
2021-09-01,1
2021-09-01,1
2021-09-01,2
2021-09-01,1
2021-09-01,1
2021-09-01,1
2021-09-01,2
2021-09-01,1
2021-09-01,1
2021-09-01,1
2021-09-01,1
2021-09-01,1
2021-09-01,4
2021-09-01,1
2021-09-01,1
2021-09-01,1
2021-09-01,1
2021-09-02,1
2021-09-02,1
2021-09-02,1
2021-09-02,1
2021-09-02,1
2021-09-02,1
2021-09-02,1
2021-09-02,1
2021-09-02,1
2021-09-02,1
2021-09-02,1
2021-09-02,1
2021-09-02,1
2021-09-02,1
2021-09-02,1
2021-09-02,1
2021-09-02,1
2021-09-03,1
2021-09-03,1
2021-09-03,1
2021-09-03,1
2021-09-03,1
2021-09-03,1
2021-09-03,1
2021-09-03,2
2021-09-03,1
2021-09-03,1
2021-09-03,1
2021-09-03,1
2021-09-03,1
2021-09-03,1
2021-09-03,1
2021-09-03,1
2021-09-03,2
2021-09-03,1
2021-09-04,1
2021-09-04,2
2021-09-04,1
2021-09-04,2
2021-09-04,1
2021-09-04,1
2021-09-04,1
2021-09-04,2
2021-09-04,1
2021-09-04,1
2021-09-04,2
2021-09-04,1
2021-09-04,1
2021-09-04,1
2021-09-04,1
2021-09-04,1
2021-09-04,1
2021-09-04,1
2021-09-04,1
2021-09-04,1
2021-09-04,1
2021-09-04,1
2021-09-04,1
2021-09-04,2
2021-09-04,2
2021-09-04,1
2021-09-04,1
2021-09-05,1
2021-09-05,3
2021-09-05,1
2021-09-05,2
2021-09-05,1
2021-09-05,5
2021-09-05,2
2021-09-05,5
2021-09-05,5
2021-09-05,1
2021-09-05,1
2021-09-05,1
2021-09-05,1
2021-09-05,1
2021-09-05,1
2021-09-05,2
2021-09-05,3
2021-09-05,1
2021-09-05,1
2021-09-05,1
2021-09-05,1
2021-09-05,1
2021-09-05,2
2021-09-05,1
2021-09-05,2
2021-09-05,1
2021-09-05,2
2021-09-05,2
2021-09-05,2
2021-09-05,1
2021-09-05,1
2021-09-05,1
2021-09-05,1
2021-09-05,1
2021-09-05,1
2021-09-05,1
2021-09-05,1
2021-09-05,1
2021-09-06,1
2021-09-06,1
2021-09-06,3
2021-09-06,1
2021-09-06,1
2021-09-06,1
2021-09-06,1
2021-09-06,1
2021-09-06,1
2021-09-06,1
2021-09-06,1
2021-09-06,1
2021-09-06,1
2021-09-06,1
2021-09-06,1
2021-09-06,1
2021-09-06,1
2021-09-06,1
2021-09-06,1
2021-09-06,1
2021-09-06,1
2021-09-06,1
2021-09-06,2
2021-09-07,1
2021-09-07,1
2021-09-07,1
2021-09-07,1
2021-09-07,1
2021-09-07,1
2021-09-07,1
2021-09-07,1
2021-09-07,1
2021-09-07,1
2021-09-07,1
2021-09-07,1
2021-09-07,1
2021-09-07,1
2021-09-08,1
2021-09-08,1
2021-09-08,3
2021-09-08,1
2021-09-08,1
2021-09-08,5
2021-09-08,2
2021-09-08,1
2021-09-08,1
2021-09-08,1
2021-09-08,1
2021-09-08,1
2021-09-08,2
2021-09-08,1
2021-09-08,1
2021-09-09,2
2021-09-09,1
2021-09-09,1
2021-09-09,2
2021-09-09,1
2021-09-09,1
2021-09-09,1
2021-09-09,1
2021-09-09,1
2021-09-09,1
2021-09-09,1
2021-09-09,2
2021-09-09,1
2021-09-09,1
2021-09-09,1
2021-09-09,1
2021-09-09,1
2021-09-09,1
2021-09-09,2
2021-09-09,1
2021-09-09,2
2021-09-09,1
2021-09-09,1
2021-09-09,1
2021-09-09,1
2021-09-09,1
2021-09-09,1
2021-09-09,1
2021-09-09,1
2021-09-10,1
2021-09-10,1
2021-09-10,1
2021-09-10,2
2021-09-10,1
2021-09-10,1
2021-09-10,1
2021-09-10,1
2021-09-10,2
2021-09-10,1
2021-09-11,1
2021-09-11,1
2021-09-11,1
2021-09-11,1
2021-09-11,1
2021-09-11,1
2021-09-11,2
2021-09-11,1
2021-09-11,1
2021-09-11,1
2021-09-11,1
2021-09-11,1
2021-09-11,7
2021-09-11,1
2021-09-11,1
2021-09-12,2
2021-09-12,1
2021-09-12,2
2021-09-12,1
2021-09-12,1
2021-09-12,1
2021-09-12,1
2021-09-12,3
2021-09-12,2
2021-09-12,1
2021-09-12,1
2021-09-12,1
2021-09-12,1
2021-09-12,3
2021-09-12,1
2021-09-12,2
2021-09-12,1
2021-09-12,1
2021-09-12,1
2021-09-12,1
2021-09-13,1
2021-09-13,1
2021-09-13,1
2021-09-13,2
2021-09-13,2
2021-09-13,1
2021-09-13,1
2021-09-13,1
2021-09-13,4
2021-09-13,1
2021-09-13,1
2021-09-13,2
2021-09-13,1
2021-09-13,1
2021-09-13,1
2021-09-13,1
2021-09-13,1
2021-09-14,1
2021-09-14,1
2021-09-14,1
2021-09-14,1
2021-09-14,1
2021-09-14,1
2021-09-14,1
2021-09-14,2
2021-09-14,1
2021-09-14,1
2021-09-14,1
2021-09-14,1
2021-09-14,1
2021-09-14,1
2021-09-14,1
2021-09-14,1
2021-09-14,1
2021-09-14,1
2021-09-14,1
2021-09-14,1
2021-09-14,1
2021-09-15,1
2021-09-15,2
2021-09-15,1
2021-09-15,1
2021-09-15,1
2021-09-15,1
2021-09-15,2
2021-09-15,1
2021-09-15,1
2021-09-15,1
2021-09-15,1
2021-09-15,1
2021-09-15,1
2021-09-15,1
2021-09-15,1
2021-09-15,1
2021-09-15,1
2021-09-15,1
2021-09-15,1
2021-09-15,2
2021-09-15,1
2021-09-15,1
2021-09-15,1
2021-09-15,1
2021-09-15,1
2021-09-15,1
2021-09-15,1
2021-09-15,1
2021-09-15,2
2021-09-15,2
2021-09-15,1
2021-09-15,1
2021-09-15,1
2021-09-15,1
2021-09-15,1
2021-09-15,1
2021-09-15,1
2021-09-15,2
2021-09-15,1
2021-09-16,1
2021-09-16,1
2021-09-16,1
2021-09-16,1
2021-09-16,2
2021-09-16,2
2021-09-16,2
2021-09-16,2
2021-09-16,2
2021-09-16,1
2021-09-16,1
2021-09-16,2
2021-09-16,1
2021-09-16,1
2021-09-16,1
2021-09-16,1
2021-09-16,1
2021-09-16,1
2021-09-16,1
2021-09-16,1
2021-09-16,1
2021-09-16,1
2021-09-16,1
2021-09-16,1
2021-09-16,1
2021-09-16,1
2021-09-17,1
2021-09-17,1
2021-09-17,1
2021-09-17,1
2021-09-17,1
2021-09-17,2
2021-09-17,1
2021-09-17,2
2021-09-17,1
2021-09-17,1
2021-09-17,1
2021-09-17,1
2021-09-17,1
2021-09-17,1
2021-09-17,1
2021-09-17,1
2021-09-17,1
2021-09-17,1
2021-09-17,2
2021-09-17,1
2021-09-17,1
2021-09-17,1
2021-09-17,2
2021-09-17,1
2021-09-17,1
2021-09-18,1
2021-09-18,1
2021-09-18,1
2021-09-18,1
2021-09-18,1
2021-09-18,1
2021-09-18,2
2021-09-18,1
2021-09-18,1
2021-09-18,2
2021-09-18,1
2021-09-18,1
2021-09-18,1
2021-09-18,2
2021-09-18,1
2021-09-18,1
2021-09-18,1
2021-09-18,1
2021-09-18,1
2021-09-18,1
2021-09-18,1
2021-09-18,1
2021-09-18,1
2021-09-18,1
2021-09-19,1
2021-09-19,4
2021-09-19,2
2021-09-19,4
2021-09-19,2
2021-09-19,2
2021-09-19,1
2021-09-19,1
2021-09-19,1
2021-09-19,1
2021-09-19,1
2021-09-19,1
2021-09-19,1
2021-09-19,1
2021-09-19,1
2021-09-19,1
2021-09-19,1
2021-09-19,1
2021-09-19,1
2021-09-19,1
2021-09-19,2
2021-09-19,1
2021-09-19,2
2021-09-20,2
2021-09-20,1
2021-09-20,1
2021-09-20,1
2021-09-20,2
2021-09-20,1
2021-09-20,1
2021-09-20,1
2021-09-20,2
2021-09-20,1
2021-09-20,1
2021-09-20,1
2021-09-21,1
2021-09-21,1
2021-09-21,1
2021-09-21,2
2021-09-21,1
2021-09-21,2
2021-09-21,1
2021-09-21,1
2021-09-21,1
2021-09-21,4
2021-09-21,1
2021-09-21,2
2021-09-21,1
2021-09-21,1
2021-09-21,1
2021-09-21,1
2021-09-21,2
2021-09-21,1
2021-09-21,1
2021-09-21,1
2021-09-21,1
2021-09-21,1
2021-09-21,1
2021-09-21,1
2021-09-21,1
2021-09-21,1
2021-09-22,1
2021-09-22,1
2021-09-22,1
2021-09-22,1
2021-09-22,1
2021-09-22,1
2021-09-22,1
2021-09-22,1
2021-09-22,1
2021-09-22,2
2021-09-22,1
2021-09-22,1
2021-09-22,1
2021-09-22,3
2021-09-22,1
2021-09-22,4
2021-09-23,1
2021-09-23,1
2021-09-23,1
2021-09-23,1
2021-09-23,1
2021-09-23,1
2021-09-23,2
2021-09-23,1
2021-09-23,2
2021-09-23,3
2021-09-23,1
2021-09-23,1
2021-09-23,1
2021-09-23,1
2021-09-23,1
2021-09-23,1
2021-09-24,1
2021-09-24,2
2021-09-24,2
2021-09-24,1
2021-09-24,1
2021-09-24,1
2021-09-24,1
2021-09-24,1
2021-09-24,2
2021-09-24,1
2021-09-24,1
2021-09-24,2
2021-09-24,2
2021-09-24,1
2021-09-24,1
2021-09-24,1
2021-09-25,1
2021-09-25,1
2021-09-25,1
2021-09-25,1
2021-09-25,2
2021-09-25,1
2021-09-25,1
2021-09-25,1
2021-09-25,1
2021-09-25,5
2021-09-25,1
2021-09-25,2
2021-09-25,2
2021-09-25,1
2021-09-25,1
2021-09-25,1
2021-09-25,2
2021-09-25,1
2021-09-25,2
2021-09-25,1
2021-09-25,2
2021-09-25,1
2021-09-26,1
2021-09-26,1
2021-09-26,1
2021-09-26,1
2021-09-26,1
2021-09-26,1
2021-09-26,1
2021-09-26,1
2021-09-26,1
2021-09-26,1
2021-09-26,1
2021-09-26,1
2021-09-26,2
2021-09-26,4
2021-09-26,1
2021-09-26,1
2021-09-26,1
2021-09-26,2
2021-09-26,1
2021-09-26,2
2021-09-26,1
2021-09-26,1
2021-09-27,1
2021-09-27,2
2021-09-27,2
2021-09-27,5
2021-09-27,1
2021-09-27,1
2021-09-27,1
2021-09-27,2
2021-09-27,1
2021-09-27,1
2021-09-27,2
2021-09-27,2
2021-09-27,1
2021-09-28,1
2021-09-28,2
2021-09-28,1
2021-09-28,1
2021-09-28,1
2021-09-28,2
2021-09-28,1
2021-09-28,1
2021-09-28,1
2021-09-28,2
2021-09-28,1
2021-09-28,2
2021-09-28,1
2021-09-28,1
2021-09-28,1
2021-09-28,1
2021-09-28,2
2021-09-28,1
2021-09-28,1
2021-09-28,1
2021-09-29,1
2021-09-29,1
2021-09-29,1
2021-09-29,1
2021-09-29,1
2021-09-29,1
2021-09-29,1
2021-09-29,1
2021-09-29,1
2021-09-29,1
2021-09-29,1
2021-09-29,1
2021-09-29,1
2021-09-29,1
2021-09-29,1
2021-09-29,1
2021-09-29,2
2021-09-30,1
2021-09-30,1
2021-09-30,1
2021-09-30,1
2021-09-30,1
2021-09-30,1
2021-09-30,1
2021-09-30,3
2021-09-30,1
2021-09-30,4
2021-09-30,1
2021-09-30,1
2021-09-30,1
2021-09-30,1
2021-09-30,1
2021-09-30,1
2021-10-01,3
2021-10-01,1
2021-10-01,1
2021-10-01,1
2021-10-01,1
2021-10-01,1
2021-10-02,1
2021-10-02,1
2021-10-02,1
2021-10-02,1
2021-10-02,1
2021-10-02,1
2021-10-02,1
2021-10-02,1
2021-10-02,1
2021-10-02,2
2021-10-02,1
2021-10-02,1
2021-10-02,1
2021-10-02,1
2021-10-02,1
2021-10-02,1
2021-10-02,1
2021-10-02,1
2021-10-02,1
2021-10-02,1
2021-10-02,1
2021-10-02,1
2021-10-02,1
2021-10-03,2
2021-10-03,3
2021-10-03,1
2021-10-03,2
2021-10-03,1
2021-10-03,2
2021-10-03,1
2021-10-03,1
2021-10-03,1
2021-10-03,1
2021-10-03,2
2021-10-03,1
2021-10-03,1
2021-10-03,1
2021-10-03,1
2021-10-03,1
2021-10-03,1
2021-10-04,1
2021-10-04,1
2021-10-04,1
2021-10-04,1
2021-10-04,1
2021-10-04,1
2021-10-04,2
2021-10-04,1
2021-10-04,1
2021-10-04,1
2021-10-04,1
2021-10-04,1
2021-10-04,1
2021-10-04,1
2021-10-04,1
2021-10-04,1
2021-10-05,1
2021-10-05,1
2021-10-05,1
2021-10-05,2
2021-10-05,2
2021-10-05,1
2021-10-05,1
2021-10-06,1
2021-10-06,1
2021-10-06,1
2021-10-06,1
2021-10-06,1
2021-10-06,1
2021-10-06,1
2021-10-06,1
2021-10-06,1
2021-10-06,1
2021-10-06,1
2021-10-06,1
2021-10-06,1
2021-10-06,1
2021-10-07,1
2021-10-07,1
2021-10-07,1
2021-10-07,4
2021-10-07,1
2021-10-07,1
2021-10-07,2
2021-10-07,1
2021-10-07,2
2021-10-07,1
2021-10-07,1
2021-10-07,1
2021-10-07,1
2021-10-07,1
2021-10-07,1
2021-10-07,1
2021-10-07,1
2021-10-07,1
2021-10-07,1
2021-10-08,2
2021-10-08,1
2021-10-08,1
2021-10-08,1
2021-10-08,1
2021-10-08,1
2021-10-08,1
2021-10-08,1
2021-10-08,1
2021-10-08,1
2021-10-08,1
2021-10-08,1
2021-10-09,1
2021-10-09,1
2021-10-09,1
2021-10-09,1
2021-10-09,1
2021-10-09,1
2021-10-09,1
2021-10-09,1
2021-10-09,1
2021-10-09,1
2021-10-09,1
2021-10-09,1
2021-10-09,24
2021-10-09,1
2021-10-09,1
2021-10-09,1
2021-10-09,1
2021-10-10,1
2021-10-10,1
2021-10-10,2
2021-10-10,1
2021-10-10,1
2021-10-10,1
2021-10-10,1
2021-10-10,1
2021-10-10,1
2021-10-10,1
2021-10-10,1
2021-10-10,1
2021-10-10,1
2021-10-10,1
2021-10-10,1
2021-10-10,1
2021-10-10,1
2021-10-10,1
2021-10-10,1
2021-10-11,1
2021-10-11,1
2021-10-11,2
2021-10-11,1
2021-10-11,1
2021-10-11,4
2021-10-11,1
2021-10-11,1
2021-10-11,1
2021-10-11,2
2021-10-11,1
2021-10-11,1
2021-10-11,2
2021-10-11,1
2021-10-11,1
2021-10-11,1
2021-10-11,1
2021-10-11,1
2021-10-11,1
2021-10-11,1
2021-10-11,1
2021-10-12,1
2021-10-12,4
2021-10-12,3
2021-10-12,2
2021-10-12,1
2021-10-12,1
2021-10-12,1
2021-10-12,1
2021-10-12,2
2021-10-12,1
2021-10-12,1
2021-10-13,1
2021-10-13,4
2021-10-13,2
2021-10-13,1
2021-10-13,3
2021-10-13,1
2021-10-13,1
2021-10-13,1
2021-10-13,1
2021-10-13,1
2021-10-13,1
2021-10-13,1
2021-10-13,1
2021-10-13,1
2021-10-13,1
2021-10-13,1
2021-10-13,1
2021-10-13,1
2021-10-13,1
2021-10-14,1
2021-10-14,3
2021-10-14,1
2021-10-14,1
2021-10-14,1
2021-10-14,1
2021-10-14,1
2021-10-14,1
2021-10-14,1
2021-10-14,1
2021-10-14,1
2021-10-14,1
2021-10-14,1
2021-10-14,1
2021-10-14,1
2021-10-14,1
2021-10-14,1
2021-10-14,1
2021-10-14,1
2021-10-14,2
2021-10-14,1
2021-10-14,1
2021-10-14,1
2021-10-14,2
2021-10-14,1
2021-10-14,2
2021-10-14,2
2021-10-14,2
2021-10-14,1
2021-10-14,1
2021-10-14,1
2021-10-15,1
2021-10-15,1
2021-10-15,1
2021-10-15,1
2021-10-15,1
2021-10-15,2
2021-10-15,1
2021-10-15,1
2021-10-15,1
2021-10-15,1
2021-10-15,1
2021-10-15,1
2021-10-15,1
2021-10-15,1
2021-10-15,1
2021-10-15,1
2021-10-15,1
2021-10-15,1
2021-10-16,1
2021-10-16,2
2021-10-16,1
2021-10-16,1
2021-10-16,1
2021-10-16,1
2021-10-16,1
2021-10-16,1
2021-10-16,1
2021-10-16,1
2021-10-16,1
2021-10-16,1
2021-10-16,1
2021-10-16,1
2021-10-16,1
2021-10-16,4
2021-10-16,1
2021-10-16,1
2021-10-16,1
2021-10-16,1
2021-10-17,3
2021-10-17,2
2021-10-17,1
2021-10-17,1
2021-10-17,1
2021-10-17,1
2021-10-17,1
2021-10-17,1
2021-10-17,3
2021-10-17,1
2021-10-17,1
2021-10-17,2
2021-10-17,2
2021-10-17,1
2021-10-17,1
2021-10-17,1
2021-10-17,2
2021-10-17,3
2021-10-17,5
2021-10-17,1
2021-10-17,1
2021-10-18,1
2021-10-18,1
2021-10-18,1
2021-10-18,1
2021-10-18,2
2021-10-18,1
2021-10-18,1
2021-10-18,1
2021-10-18,1
2021-10-18,2
2021-10-18,1
2021-10-19,1
2021-10-19,1
2021-10-19,1
2021-10-19,1
2021-10-19,1
2021-10-19,1
2021-10-19,1
2021-10-19,2
2021-10-19,1
2021-10-19,2
2021-10-19,1
2021-10-19,2
2021-10-19,1
2021-10-19,1
2021-10-19,2
2021-10-19,1
2021-10-20,3
2021-10-20,1
2021-10-20,1
2021-10-20,5
2021-10-20,2
2021-10-20,1
2021-10-20,1
2021-10-20,4
2021-10-20,1
2021-10-20,1
2021-10-20,2
2021-10-20,1
2021-10-20,1
2021-10-21,1
2021-10-21,1
2021-10-21,4
2021-10-21,1
2021-10-21,1
2021-10-21,1
2021-10-21,1
2021-10-21,1
2021-10-22,1
2021-10-22,1
2021-10-22,1
2021-10-22,2
2021-10-22,2
2021-10-22,1
2021-10-22,2
2021-10-22,1
2021-10-22,1
2021-10-22,1
2021-10-22,1
2021-10-22,1
2021-10-22,2
2021-10-23,3
2021-10-23,1
2021-10-23,2
2021-10-23,2
2021-10-23,2
2021-10-24,1
2021-10-24,1
2021-10-24,1
2021-10-24,1
2021-10-24,1
2021-10-24,4
2021-10-24,1
2021-10-24,1
2021-10-24,1
2021-10-24,2
2021-10-24,1
2021-10-25,1
2021-10-25,1
2021-10-25,1
2021-10-26,1
2021-10-26,2
2021-10-26,1
2021-10-26,4
2021-10-26,1
2021-10-26,1
2021-10-26,2
2021-10-26,1
2021-10-26,1
2021-10-27,1
2021-10-27,1
2021-10-27,1
2021-10-27,1
2021-10-27,3
2021-10-27,1
2021-10-27,1
2021-10-27,2
2021-10-27,1
2021-10-27,1
2021-10-27,1
2021-10-27,1
2021-10-27,1
2021-10-27,1
2021-10-27,2
2021-10-27,1
2021-10-27,1
2021-10-27,1
2021-10-27,1
2021-10-27,1
2021-10-27,1
2021-10-27,2
2021-10-27,2
2021-10-28,1
2021-10-28,5
2021-10-28,1
2021-10-28,1
2021-10-28,1
2021-10-28,1
2021-10-28,1
2021-10-28,2
2021-10-28,1
2021-10-28,1
2021-10-29,1
2021-10-29,1
2021-10-29,2
2021-10-29,1
2021-10-29,2
2021-10-29,1
2021-10-29,1
2021-10-29,1
2021-10-29,1
2021-10-29,1
2021-10-29,1
2021-10-29,1
2021-10-29,1
2021-10-29,2
2021-10-29,1
2021-10-29,2
2021-10-30,1
2021-10-30,1
2021-10-30,1
2021-10-30,1
2021-10-30,1
2021-10-30,1
2021-10-30,1
2021-10-30,1
2021-10-30,1
2021-10-30,1
2021-10-30,2
2021-10-30,1
2021-10-30,1
2021-10-30,1
2021-10-30,1
2021-10-30,3
2021-10-30,1
2021-10-30,1
2021-10-31,1
2021-10-31,2
2021-10-31,1
2021-10-31,1
2021-10-31,1
2021-10-31,2
2021-10-31,2
2021-10-31,4
2021-10-31,1
2021-10-31,1
2021-10-31,2
2021-10-31,2
2021-10-31,1
2021-10-31,1
2021-10-31,1
2021-11-01,1
2021-11-01,1
2021-11-01,1
2021-11-01,1
2021-11-01,2
2021-11-01,1
2021-11-01,1
2021-11-01,1
2021-11-01,1
2021-11-01,1
2021-11-01,2
2021-11-01,1
2021-11-01,1
2021-11-01,2
2021-11-01,1
2021-11-01,1
2021-11-01,1
2021-11-01,1
2021-11-01,1
2021-11-02,1
2021-11-02,2
2021-11-02,1
2021-11-02,1
2021-11-02,1
2021-11-02,1
2021-11-02,1
2021-11-02,1
2021-11-02,1
2021-11-02,2
2021-11-02,1
2021-11-02,1
2021-11-02,1
2021-11-02,1
2021-11-02,1
2021-11-02,1
2021-11-03,2
2021-11-03,1
2021-11-03,1
2021-11-03,1
2021-11-03,1
2021-11-03,1
2021-11-03,1
2021-11-03,5
2021-11-03,1
2021-11-03,1
2021-11-03,1
2021-11-03,4
2021-11-03,1
2021-11-03,5
2021-11-03,1
2021-11-03,2
2021-11-03,1
2021-11-04,1
2021-11-04,1
2021-11-04,1
2021-11-04,1
2021-11-04,1
2021-11-04,1
2021-11-04,2
2021-11-04,4
2021-11-04,1
2021-11-04,1
2021-11-04,1
2021-11-04,4
2021-11-05,1
2021-11-05,1
2021-11-05,1
2021-11-05,1
2021-11-05,10
2021-11-05,1
2021-11-05,2
2021-11-05,1
2021-11-05,1
2021-11-05,1
2021-11-05,1
2021-11-05,1
2021-11-06,1
2021-11-06,2
2021-11-06,1
2021-11-06,1
2021-11-06,4
2021-11-06,1
2021-11-06,1
2021-11-06,1
2021-11-07,1
2021-11-07,1
2021-11-07,1
2021-11-07,1
2021-11-07,1
2021-11-07,1
2021-11-07,1
2021-11-07,1
2021-11-07,1
2021-11-08,1
2021-11-08,2
2021-11-08,1
2021-11-08,1
2021-11-08,1
2021-11-08,1
2021-11-08,1
2021-11-08,1
2021-11-08,1
2021-11-08,1
2021-11-08,1
2021-11-08,1
2021-11-08,1
2021-11-09,1
2021-11-09,1
2021-11-09,1
2021-11-09,1
2021-11-09,1
2021-11-09,3
2021-11-09,2
2021-11-09,1
2021-11-09,1
2021-11-09,1
2021-11-09,1
2021-11-09,1
2021-11-09,1
2021-11-09,1
2021-11-10,1
2021-11-10,1
2021-11-10,1
2021-11-10,1
2021-11-10,1
2021-11-10,1
2021-11-10,1
2021-11-10,1
2021-11-10,1
2021-11-10,1
2021-11-10,1
2021-11-10,1
2021-11-10,1
2021-11-10,2
2021-11-11,1
2021-11-11,2
2021-11-11,1
2021-11-11,2
2021-11-11,1
2021-11-11,1
2021-11-11,1
2021-11-11,2
2021-11-11,1
2021-11-11,1
2021-11-12,1
2021-11-12,1
2021-11-12,1
2021-11-12,2
2021-11-12,1
2021-11-12,1
2021-11-12,1
2021-11-12,1
2021-11-12,1
2021-11-12,1
2021-11-12,1
2021-11-12,1
2021-11-13,1
2021-11-13,1
2021-11-13,3
2021-11-13,2
2021-11-13,1
2021-11-13,2
2021-11-13,2
2021-11-13,1
2021-11-13,2
2021-11-13,1
2021-11-13,1
2021-11-13,1
2021-11-13,1
2021-11-13,1
2021-11-13,2
2021-11-13,1
2021-11-13,2
2021-11-13,1
2021-11-13,1
2021-11-13,1
2021-11-14,2
2021-11-14,1
2021-11-14,1
2021-11-14,1
2021-11-14,1
2021-11-14,1
2021-11-14,1
2021-11-14,1
2021-11-14,1
2021-11-14,1
2021-11-14,3
2021-11-14,1
2021-11-14,1
2021-11-14,1
2021-11-14,2
2021-11-14,1
2021-11-14,1
2021-11-14,1
2021-11-15,1
2021-11-15,1
2021-11-15,2
2021-11-15,1
2021-11-15,1
2021-11-15,1
2021-11-15,1
2021-11-15,1
2021-11-15,1
2021-11-15,1
2021-11-15,1
2021-11-16,2
2021-11-16,1
2021-11-16,1
2021-11-16,4
2021-11-16,20
2021-11-16,1
2021-11-16,1
2021-11-16,1
2021-11-16,2
2021-11-16,1
2021-11-17,1
2021-11-17,1
2021-11-17,2
2021-11-17,3
2021-11-17,1
2021-11-17,1
2021-11-17,1
2021-11-17,1
2021-11-17,2
2021-11-17,1
2021-11-17,1
2021-11-17,1
2021-11-18,1
2021-11-18,3
2021-11-18,1
2021-11-18,1
2021-11-18,1
2021-11-18,1
2021-11-18,2
2021-11-19,3
2021-11-19,1
2021-11-19,1
2021-11-19,1
2021-11-19,1
2021-11-19,2
2021-11-19,1
2021-11-19,1
2021-11-19,1
2021-11-19,1
2021-11-19,1
2021-11-19,2
2021-11-20,1
2021-11-20,1
2021-11-20,4
2021-11-20,2
2021-11-20,1
2021-11-20,1
2021-11-20,1
2021-11-20,1
2021-11-21,1
2021-11-21,5
2021-11-21,3
2021-11-21,1
2021-11-21,1
2021-11-21,2
2021-11-21,1
2021-11-21,1
2021-11-21,2
2021-11-21,1
2021-11-21,1
2021-11-21,1
2021-11-21,1
2021-11-22,1
2021-11-22,1
2021-11-22,1
2021-11-22,1
2021-11-22,1
2021-11-22,1
2021-11-22,1
2021-11-22,1
2021-11-22,1
2021-11-22,1
2021-11-22,13
2021-11-22,1
2021-11-22,1
2021-11-22,1
2021-11-23,5
2021-11-23,1
2021-11-23,2
2021-11-23,1
2021-11-23,1
2021-11-23,1
2021-11-23,1
2021-11-23,1
2021-11-23,1
2021-11-23,1
2021-11-23,2
2021-11-23,1
2021-11-23,1
2021-11-23,1
2021-11-23,1
2021-11-23,2
2021-11-24,1
2021-11-24,1
2021-11-24,1
2021-11-24,1
2021-11-25,1
2021-11-25,1
2021-11-25,1
2021-11-25,2
2021-11-25,1
2021-11-25,1
2021-11-25,1
2021-11-25,1
2021-11-25,1
2021-11-25,1
2021-11-25,1
2021-11-25,1
2021-11-25,1
2021-11-25,1
2021-11-26,1
2021-11-26,1
2021-11-26,2
2021-11-26,1
2021-11-26,1
2021-11-26,1
2021-11-26,1
2021-11-26,1
2021-11-26,1
2021-11-26,1
2021-11-26,1
2021-11-26,1
2021-11-26,1
2021-11-26,3
2021-11-26,1
2021-11-26,1
2021-11-26,2
2021-11-26,1
2021-11-26,2
2021-11-26,1
2021-11-27,2
2021-11-27,2
2021-11-27,1
2021-11-27,1
2021-11-27,1
2021-11-28,1
2021-11-28,1
2021-11-28,1
2021-11-28,1
2021-11-28,1
2021-11-28,1
2021-11-28,1
2021-11-28,1
2021-11-28,2
2021-11-28,1
2021-11-29,1
2021-11-29,1
2021-11-29,1
2021-11-29,1
2021-11-29,1
2021-11-29,1
2021-11-29,1
2021-11-29,2
2021-11-29,1
2021-11-29,2
2021-11-29,1
2021-11-29,4
2021-11-29,1
2021-11-30,1
2021-11-30,1
2021-11-30,2
2021-11-30,1
2021-11-30,2
2021-11-30,1
2021-11-30,1
2021-11-30,1
2021-11-30,1
2021-11-30,1
2021-11-30,1
2021-11-30,1
2021-11-30,1
2021-11-30,1
